,Make
cessna,7534
piper,4240
beech,1587
bell,695
mooney,426
robinson,416
boeing,284
bellanca,263
schweizer,247
hughes,238
maule,233
air tractor,231
aeronca,204
robinson helicopter,196
air tractor inc,175
grumman,168
cirrus design corp,164
luscombe,154
champion,152
stinson,142
north american,140
robinson helicopter company,139
eurocopter,136
taylorcraft,111
aero commander,109
de havilland,100
aviat,92
cirrus,84
mcdonnell douglas,83
dehavilland,80
aerospatiale,79
schleicher,75
enstrom,74
aviat aircraft inc,66
socata,64
diamond aircraft ind inc,61
raytheon aircraft company,59
ayres,58
cirrus design corp.,58
rockwell international,56
sikorsky,56
ercoupe,55
grumman acft eng cor-schweizer,55
hiller,53
grumman american,53
embraer,52
rockwell,48
waco,48
flight design gmbh,44
grumman american avn. corp.,43
schempp-hirth,43
airbus,42
american champion aircraft,41
let,41
ayres corporation,36
eurocopter france,36
grumman-schweizer,34
mitsubishi,33
learjet,32
wsk pzl mielec,32
helio,31
mooney aircraft corp.,30
douglas,30
swearingen,30
burkhart grob,29
diamond,29
globe,28
agusta,28
yakovlev,28
ercoupe (eng & research corp.),28
pilatus,28
ryan,27
fairchild,27
evektor-aerotechnik as,27
airbus industrie,27
costruzioni aeronautiche tecna,25
navion,25
bombardier,25
mcdonnell douglas helicopter,25
weatherly,24
quicksilver,24
bombardier inc,23
flight design,23
diamond aircraft industries,22
american champion (acac),22
cessna aircraft co,21
lake,20
aero vodochody,20
smith,20
md helicopter,19
great lakes,19
schweizer aircraft corp,19
beechcraft,18
canadair,18
american,17
eurocopter deutschland gmbh,17
cub crafters inc,16
bell helicopter textron,16
lockheed,16
brantly,16
rans,16
consolidated aeronautics inc.,15
alon,15
cub crafters,15
czech aircraft works spol sro,15
raytheon,15
engineering & research,15
buckeye,15
silvaire,14
mbb,14
cubcrafters inc,14
american legend aircraft co,14
siai-marchetti,14
aerostar,14
burkhart grob flugzeugbau,14
airborne,14
american aviation,14
boeing stearman,14
airborne windsports pty ltd,13
stearman,13
remos aircraft gmbh,13
aerotek,13
columbia aircraft mfg,13
gates learjet,12
britten-norman,12
piper aircraft inc,12
"bombardier, inc.",12
temco,12
air creation,12
pipistrel,12
christen industries,12
curtiss wright,11
thrush aircraft inc,11
christen industries inc,11
brantly helicopter,11
aircraft mfg & dev. co. (amd),11
aeropro cz,11
cameron balloons,11
lancair,11
gulfstream aerospace,11
bell helicopter textron canada,11
mooney airplane co inc,10
american champion,10
texas helicopter corp,10
republic,10
israel aircraft industries,10
tecnam,9
extra flugzeugbau,9
eurocopter deutschland,9
aviat inc,9
gulfstream-schweizer a/c corp,9
mcdonnell douglas heli co,9
curtiss-wright,9
fleet,9
czech sport aircraft as,9
nanchang,9
gulfstream-schweizer,9
lancair company,9
hawker beechcraft corp,9
ryan aeronautical,8
cameron balloons us,8
hawker,8
"smith, ted aerostar",8
czech aircraft works,8
md helicopter inc,8
rolladen-schneider,8
american aviation corp. (aac),8
weatherly aviation co inc,8
fokker,8
kaman,8
grob,8
glasflugel,8
pitts,8
piaggio,7
pzl-swidnik,7
balloon works,7
sukhoi,7
british aerospace,7
ultramagic,7
powrachute,7
classic aircraft corp,7
infinity,7
garlick helicopters inc,7
convair,7
interstate,7
scottish aviation,7
extra flugzeugbau gmbh,7
hawker siddeley,7
schempp hirth,7
hawker beechcraft,7
robinson helicopter co,7
airbus helicopters,7
nanchang china,7
dassault aviation,7
north wing,7
lindstrand balloons,7
jabiru usa sport aircraft llc,7
arion aircraft llc,6
gulfstream,6
waco classic aircraft,6
arrow falcon exporters inc,6
american general aircraft,6
gulfstream american corp,6
aerostar international inc,6
tl ultralight sro,6
evolution aircraft inc,6
american eurocopter corp,6
fairchild hiller,6
evolution trikes,6
learjet inc,6
vans aircraft inc,6
garlick,6
new piper aircraft inc,6
hawker beechcraft corp.,6
cirrus design corporation,6
trick trikes,6
dassault-breguet,6
diamond aircraft ind gmbh,6
ab sportine aviacija,6
saab-scania ab (saab),6
continental copters inc.,6
gulfstream american,6
liberty aerospace incorporated,6
cubcrafters,6
universal stinson,6
american legend,6
culver,6
cosmos,6
pdps pzl-bielsko,6
extra flugzeugproduktions-und,5
aero vodochody aero. works,5
remos acft gmbh flugzeugbau,5
pilatus aircraft ltd,5
agusta spa,5
meyers,5
aerostar international,5
destiny,5
eagle,5
extra,5
jabiru,5
eiriavion oy,5
gates learjet corp.,5
aerotrike,5
air tractor inc.,5
iniziative industriali italian,5
fantasy air sro,5
piper/cub crafters,5
stemme gmbh & co,5
kubicek,5
hawker beechcraft corporation,5
short bros. & harland,4
fairchild swearingen,4
glaser dirks,4
downer,4
snow,4
howard aircraft,4
airframes unlimited,4
progressive aerodyne inc,4
cameron,4
monocoupe,4
pipistrel doo ajdovscina,4
centrair,4
glaser-dirks,4
dornier,4
gates lear jet,4
american eurocopter,4
north wing uum inc,4
morrisey,4
goodyear,4
p&m aviation ltd,4
liberty aerospace inc.,4
ams flight,4
ultramagic sa,4
aircraft mfg & development co,4
pzl,4
quest aircraft company llc,4
classic aircraft corp.,4
north american/aero classics,4
rotorway,4
head balloons inc,4
american eurocopter llc,4
commander,4
alexander schleicher gmbh & co,4
vans,4
convair div. of gen. dynamics,4
stearman aircraft,4
nord,4
interplane,4
aero sp z o o,4
six chuter,4
diamond aircraft,4
quest,4
textron aviation inc,4
buckeye industries,4
general atomics,4
messerschmitt-bolkow-blohm,4
mcdonnell douglas aircraft co,4
guimbal,4
jihlavan,4
aeros ltd,4
fantasy air,3
jonker sailplanes (pty) ltd,3
apollo aircraft inc,3
short brothers,3
xtremeair gmbh,3
northwing,3
canadian car & foundry,3
columbia,3
pacific aerospace corp ltd,3
consolidated vultee,3
eclipse aviation corp,3
"allied ag cat productions, inc",3
icon aircraft inc,3
avia stroitel,3
porterfield,3
gulfstream american corp.,3
chance vought,3
ultralight america,3
celier aviation,3
zenair ltd,3
sabre,3
flightstar,3
pitts aerobatics,3
cessna ector,3
northwing design,3
rolladen-schneider ohg,3
evektor aerotechnik,3
varga aircraft corp.,3
artic aircraft corp.,3
s c aerostar s a,3
lindstrand,3
s.o.c.a.t.a.,3
aerofab inc.,3
aeroprakt,3
skykits corp,3
travel air,3
enstrom helicopter corp,3
blanik,3
siai marchetti,3
casa,3
pzl-bielsko,3
higher class aviation,3
raytheon corporate jets,3
commonwealth,3
aerostar s a,3
mdhi,3
autogyro,3
short bros,3
hispano aviacion,3
aerovodochody,3
interavia,3
zenair,3
remos,3
helicopteres guimbal,3
texas helicopter,3
partenavia,3
fpna llc,3
flugzeugbau,3
construcciones aeronauticas sa,3
pzl mielec,3
mikoyan gurevich,3
arctic aircraft corp.,3
cirrus design,3
antares,3
rainbow sky reach (pty) ltd,3
aerostar acft corp of texas,3
american general acft corp,3
slingsby,3
piaggio industrie,3
found acft canada inc,3
embraer-empresa brasileira de,3
md helicopters inc,3
kolb,3
dg flugzeugbau gmbh,3
potez-air fouga,2
continental copters inc,2
adams,2
sud aviation,2
fairchild(howard),2
grumman schweizer,2
costruzioni aeronautiche,2
rotorcraft development corp,2
hoac-austria,2
fairchild heli-porter,2
czech sport aircraft a s,2
titan,2
aviation international rotors,2
taylorcraft aviation corp.,2
sportine aviacija,2
aerotechnik,2
bucker jungmann,2
colyaer sl,2
micco aircraft company,2
pzl-mielec,2
powrachute llc,2
wsk-pzl warzawa-okecie,2
maxair,2
waco classic aircraft corp.,2
waco classic aircraft corp,2
pitcairn,2
howard aircraft corp.,2
monocoupe aircraft,2
dassault/sud,2
rockwell commander,2
s.c. aerostar s.a.,2
aircraft mfg & dvlpmt co,2
dornier gmbh,2
start & flug,2
eipper,2
valentin,2
brm aero,2
czech sportplanes sro,2
kinner,2
lockheed-martin,2
m-squared aircraft,2
golden circle air,2
as+ ltd,2
funk,2
pegasus,2
stol,2
universal,2
aviat aircraft inc.,2
airbus helicopters inc,2
zlin,2
canadair ltd,2
grumman aircraft eng corp,2
north american aviation div.,2
skykits,2
aerostar aircraft corporation,2
m squared,2
american legend aircraft co.,2
beagle aircraft,2
urban air sro,2
"md helicopters, inc.",2
textron aviation,2
hughes helicopters inc,2
consolidated-vultee,2
found aircraft canada inc,2
"rans, inc.",2
taylorcraft aviation corp,2
airtime aircraft inc,2
caproni vizzola cos. aero.,2
just aircraft llc,2
evolution,2
scheibe,2
hughes aero corp,2
commander aircraft company,2
bae systems,2
kaman aerospace corp,2
bell-carson,2
pphu ekolot,2
new standard,2
moyes bailey,2
allegro,2
challenger,2
varga,2
jihlavan airplanes sro,2
forney,2
croman corporation,2
grob-werke,2
fouga,2
s.n.i.a.s.,2
bell/garlick,2
gulfstream am corp comm div,2
apollo,2
piper aerostar,2
"head balloons, inc.",2
dassault,2
icon,2
mcculloch,2
short bros.,2
omf,2
solo wings,2
rose,2
firefly,2
eagle aircraft co.,2
"cubcrafters, inc",2
"arrow falcon exporters, inc.",2
hawker aircraft ltd,2
piper aircraft,2
quad city,2
phantom aeronautics,2
buckeye industries inc,2
british aircraft corp. (bac),2
grumman american aviation,2
meyers aircraft co.,2
aircraft mfg & design llc,2
aeros,2
buckeye aviation inc,2
buckeye aviation,2
head,2
continental copters,2
reims aviation,2
white,2
grumman acft eng,2
bell helicopter,2
air & space,2
rolladen-schneider gmbh,2
univair aircraft corporation,2
quicksilver enterprises inc,2
golden eagle,2
messerschmitt,2
aeromot,2
aerostar international inc.,2
airborne windsport,2
i.c.a.-brasov,2
dji,2
quicksilver manufacturing inc,2
bird,2
evektor-aerotechnik,2
pzl warzawa-okecie,2
quad city ultralight acft corp,2
mcdonnell douglas helicopters,2
md helicopters,2
american blimp corp.,2
skykits usa corp,2
twin commander acft. corp.,2
wsk pzl,2
naval aircraft factory,2
williams helicopter corp,2
agusta aerospace corp,2
schweizer aircraft corp.,2
schleicher alexander gmbh & co,2
perth amboy,2
quad city ultralight aircraft,2
zenith,2
moravan,2
letecky zavody,1
wsk pzl swidnik,1
infinity power parachutes llc,1
appleby,1
ca tecnam srl,1
erick magno & assoc pa,1
eris e. ervin,1
eccker,1
wingtip to wingtip llc,1
cobalt aircraft industries inc,1
indy aircraft ltd,1
garlick helicopters inc.,1
phoenix air,1
durfee fred,1
czech sport,1
beagle,1
powrachute corp.,1
british aircraft corp.,1
mx aircraft llc,1
taylor,1
aircraft industries a.s.,1
fetterman lanny r,1
elan/glaser dirks,1
"vans aircraft, inc.",1
"jabiru usa sport aircraft, llc",1
schleicher alexander gmbh,1
s.a. centrair,1
quad city ultralights,1
gentry john k,1
loehle,1
avions mudry et cie,1
treidel mark/r f d,1
clem william b iii,1
malechek,1
iai,1
"six chuter, inc",1
pollack,1
zlin aviation s.r.o.,1
sport flight,1
avions mudry cie,1
worner,1
rogerson hiller corp.,1
chicco,1
dta sari,1
hoffmann,1
morane-saulnier,1
worner balloon works,1
andrews,1
schewizer,1
quicksilver mfg,1
stol aircraft corp,1
jetprop dlx piper,1
national ballooning ltd,1
aerospatiale alenia,1
elan,1
airplane factory,1
arrow aircraft co.,1
bayliss milton a iii,1
fk lightplanes,1
corvus,1
177mf llc,1
"christen industries, inc.",1
extra flugzeugproduktions-gmbh,1
rans designs inc,1
worldwide aeros,1
weatherly aviation company inc,1
pzl okecie,1
colt balloons,1
skybolt,1
gulfstream aerospace corp.,1
powerchute llc,1
aircraft mfg & dev. co.,1
siemer james h,1
santana,1
powerchute,1
paul,1
riley,1
schleicher alexander,1
laird,1
dova aircraft sro,1
luscombe silvaire aircraft co.,1
clark,1
ploof progressive aerodyne's,1
aerolite,1
beller,1
"van's aircraft, inc.",1
fields mike,1
commander aircraft co,1
southern powered parachute,1
"newgent, barry",1
arado-flugzeugwerke gmbh,1
medway,1
consolidated aeronautics,1
jetstream,1
oliver lawrence r,1
quasar acft co llc,1
sc aerostar sa,1
gates learjet corporation,1
handy james l,1
rolladen schneider ohg,1
air command,1
american blimp corporation,1
charland,1
jackson,1
aero vodochody aero works,1
rainbow sky reach,1
thunder & colt airborne amer,1
hawker-beechcraft,1
czech sport aircraft a.s.,1
walker,1
piper/wally's flyers inc,1
marsh aviation,1
i.c.a.-brasov (romania),1
antares - balaban,1
stampe et renard,1
raven industries,1
found acft,1
balloon works inc,1
"boeing company, long beach div",1
fairchild merlin,1
bell-watson,1
vought,1
destiny powered parachutes llc,1
ag-cat corporation,1
hogan,1
ferdon,1
airmax construcoes aeronautica,1
delf tim,1
excel jet,1
kolb aircraft co,1
u-fly-it,1
let np kinovice,1
embraer s.a.,1
gippsland,1
symphony aircraft ind inc,1
aaa aircraft leasing,1
grahn j/grahn g,1
hamilton,1
leonardo,1
reed mike,1
wilson michael a,1
aerotrek,1
airindus,1
biuro projektowe b bogumil ber,1
cartercopter llc,1
kawasaki,1
stemme,1
s.n.i.a.s,1
hughes/helicopter assocs inc,1
aerial productions intl. inc.,1
cessna/air repair inc,1
linstrand,1
hph ltd,1
arctic aircraft co. inc.,1
lanshe aerospace,1
found aircraft canada,1
messerschmitt-boelkow-blohm,1
soko,1
volaircraft,1
phantom aircraft co,1
"new piper aircraft, inc.",1
lange flugzeugbau gmbh,1
schweizer(hughes)aircraft corp,1
stetson norman b,1
a. schleicher gmbh & co.,1
general motors,1
cubcrafter,1
chamberlain gerald,1
mk ii,1
hamburger flugzeugbau (hfb),1
north wing design,1
doktor fiberglas,1
eclipse aviation corporation,1
kitty hawk,1
glenn h curtiss museum,1
microlites ptyltd,1
infinity power parachutes,1
true flight holdings llc,1
keuthan,1
dg flugzeugbau,1
brown mitch,1
air creation usa llc,1
farthing james w ii,1
interplane s r o,1
north american/schwamm,1
wing aircraft,1
schempp-hirth flugzeugbau,1
aircraft mfg & development co.,1
sabreliner,1
world aircraft co,1
halsted,1
"swift museum foundation, inc.",1
clarke,1
jonker sailplanes cc,1
bedecorp llc,1
hiller-rogerson helicopter,1
bae,1
colonial,1
top dog,1
flightstar inc,1
arctic aircraft company inc,1
balony kubicek spol sro,1
rose-rhinehart,1
nord (sncan),1
scoda aeronautical,1
aero adventure,1
air borne windsports pty. ltd.,1
snobird,1
interplane llc,1
rans employee flying club,1
palen,1
arbc inc dba lindstrand,1
howard steven c,1
hiller-tri-plex ind.inc.,1
s c aerostar s .a.,1
shaffer william c,1
robinson helicopter co.,1
eipper formance inc,1
alisport srl,1
hillard charlie r,1
williams yakovlev,1
mooney aircraft corp,1
mccleery,1
aero at sp zoo,1
texas helicopter corporation,1
lyons robert,1
airplane factory (pty) ltd,1
bellanca citabria,1
"ekornaas, fred",1
poser,1
"cortesy, john e",1
valldejuli john a,1
schempp-hirth k.g.,1
interplane sro,1
smithwick/treidel,1
meuer gary d,1
flight design usa,1
therrien roger,1
edwards douglas l,1
piper cub crafters,1
"uetz, walter",1
szd,1
mikoyan mig,1
aeros ltd/skyranger aircraft,1
cesna,1
air trikes,1
tiger aircraft llc,1
airbus helicopters (eurocopte,1
airtime,1
i.c.a. brasov,1
luy wayman,1
stys,1
butler aircraft company,1
bushmaster aircraft,1
byron j. moore,1
alisport,1
helio aircraft ltd,1
"wingtip to wingtip, llc",1
summit,1
cosentino garey a,1
partenavia s.p.a.,1
polaris,1
"thrush aircraft, inc.",1
main air,1
apco,1
barche,1
flightworks corp,1
univar,1
mcclish,1
holmes william e,1
ac mfg & dev't co,1
smith aerostar,1
agustawestland philadelphia,1
pzl swidnik,1
louis amato,1
gadbois,1
quicksilver manufacturing,1
grenier,1
mcdonnell douglas helicopter c,1
nasa ames research center,1
dratbe shmiel amir,1
hawker beech,1
"nichols rans, inc.",1
fogg,1
"consolidated aeronautics, inc",1
rajhamsa,1
moore byron j,1
urban air,1
seguin,1
indus aviation,1
sport flight international,1
aston kinsey,1
mielec,1
nakajima,1
t&t aviation inc,1
halladay roy,1
diamond aicraft industries inc,1
mason robert,1
piaggio aero industries s.p.a.,1
antares us,1
breezer aircraft,1
sea & sky inc dba krucker acft,1
adams balloon,1
airgyro aviation llc,1
grimes barry r,1
yakovlev/day,1
mikoyan,1
chech aircraft works spol sro,1
rawdon bros. aircraft,1
brm aero sro,1
liberty,1
avions robin,1
hughes aero,1
cgs aviation,1
j&j ultralights,1
airbus/eurocopter,1
seattle aerotech,1
quicksilver aircraft,1
1200,1
bombardier canadair,1
grob aircraft ag,1
lite flight,1
vickers,1
sabre trike,1
noorduyn,1
airbus industries,1
douglas/basler,1
garlick helicipters inc.,1
avions fairey,1
ultralite sro,1
grumman aircraft cor-schweizer,1
bartels,1
bristell,1
bristol,1
bell-tellijohn,1
lyons,1
"sky international, inc.",1
golden circle,1
mccullough,1
p&m aviation ltd.,1
t bird,1
"piper aircraft, inc.",1
rearwin,1
moyes,1
mkii corporation,1
utva,1
kenneth m franz,1
innovator technologies,1
erickson,1
mchargue,1
grumman acft eng cor,1
cub crafters inc.,1
sikorsky aircraft corporation,1
team inc,1
broussard,1
northrop,1
weinzierl,1
test,1
pacific aerospace ltd,1
quicksilver eipper acft inc,1
p&m aviation,1
barger jerry l,1
"liberty aerospace, inc.",1
westland,1
"aerostar, s.a",1
indus aviation inc.,1
evektor-aerotechnik a.s.,1
golden circle air inc,1
fleetwood jack,1
javron,1
allstar pzl,1
bardouche,1
iar brasov,1
airborne (australia),1
topdog ultralights,1
aeronca aircraft corporation,1
great lakes aircraft company,1
la moutte,1
airplane factory (pty) ltd the,1
raytheon co,1
m-squared,1
yowell,1
engle david,1
trikes,1
opus motorsports llc,1
croman,1
"aviat aircraft, inc.",1
helton,1
thunder and colt,1
folland aircraft co ltd,1
sud aviation/eurocopter,1
ultra magic,1
airbus helicopters deutschland,1
rainbow aircraft pty ltd,1
heliotech,1
airborn wind sports,1
bryant frederick m,1
columbia aircraft mfg.,1
gippsaero pty ltd,1
rand robinson,1
kessinger roger l,1
collard,1
aeropro cz s r o,1
glaser-dirks flugzeugbau,1
kelm david,1
tetrault ronad,1
bice,1
shempp-hirth,1
gulfstream aerospace corp,1
taylorcraft aviation,1
st. claire,1
extra flugzeugrau gmbh,1
brandt leroy e,1
allstar pzl glider,1
polaris motors,1
aerosport ltd,1
thrush,1
fuji,1
higgins john h/williams john d,1
norman,1
maxair drifter,1
sino-swearingen,1
helo werks,1
l goldner,1
national ballooning,1
rans aircraft,1
hummel / finberg,1
hemmer,1
ferguson aircraft,1
san joaquin helicopters,1
quartz mountain aerospace,1
aviate,1
aero works,1
apex aircraft,1
rolladen schneider,1
cessna aircraft,1
focke-wulf,1
scan,1
fairchild funk,1
martin charles a,1
facebook uk ltd,1
best off,1
dusenberry mark j,1
schweizer 300cbi,1
spectrum aeronautical llc,1
holley carol l,1
jonker,1
wicks air center llc,1
atr,1
akro tech aviation inc. giles,1
north wing uum inc.,1
american champion aircraft cor,1
piper / laudeman,1
evektor aerotechnic,1
noorduyn aviation,1
strategie ballloon co.,1
thompson david,1
skytrails lsa,1
kolb aircraft inc,1
central ohio dragonfly clubllc,1
piper/stevens,1
windward,1
camair,1
skykits corporation,1
beriev aircraft company,1
aero tek inc.,1
mcdonnell douglas corporation,1
schempp-hirth flugzeugbau gmbh,1
emory b. wood,1
s.z.d.,1
johnny f anderson,1
cub crafter,1
bellanca aircraft corporation,1
sc iar sa brasov,1
eads socata,1
citabria,1
cessna/weaver,1
schumacher,1
buckeye powered parachutes inc,1
rotorcraft developement corp.,1
szybowcowy zaklad do,1
adventura,1
apollo north america inc,1
boeing-stearman,1
william p. crowell,1
mischanko,1
czech sport aircraft,1
loehle aircraft corp,1
rainbow aircraft (pty) ltd,1
british aircraft corp,1
fly hard trike inc,1
itec inc,1
scottish,1
saab-scania,1
yuneec,1
aerofab inc,1
quartz mountain aerospace inc,1
jdt mini-max llc,1
ica brasov,1
universal moulded pdts.,1
pitts special,1
new piper,1
rans inc,1
kerns kenneth h,1
better burn llc/startube div,1
cosmos phase ii,1
alliant,1
consolidated aeronautics inc,1
leigh,1
calstar 1,1
stampe,1
bradshaw,1
general balloon corp.,1
avian,1
sportflight international llc,1
thomas lee,1
aero sp z o o (gobosh),1
commander aircraft,1
bell shelby aero,1
arrow falcon exporters inc.,1
trinidad,1
strong,1
ferguson william c,1
halley kft,1
dromader,1
harold h. smith,1
embraer s a,1
"consolidated aeronautics, inc.",1
aurora,1
barrows,1
aerofab,1
augusta,1
avid aircraft,1
"wrb associates, llc.",1
issoire siren,1
saab,1
meuer mark,1
skygear,1
raven,1
wsk pzl warzawa-okecie,1
williams helicopter,1
lantz,1
goiden circle,1
cobb international,1
tl ultralight,1
alliant aviation,1
brewster fleet,1
edra aeronautica,1
firefly balloons inc,1
central ohio dragonfly club,1
partenavia spa,1
airborne windsports ltd,1
super 18 llc,1
arrow falcon exporters,1
eclipse aviation,1
bailey robert,1
christen industries inc.,1
mooney aircraft,1
greene r/greene s,1
lithuanian factory of aviation,1
grumman aircraft,1
glasair aviation usa llc,1
bell-transworld helicopter cor,1
sonex,1
aviat aircraft,1
jones peter m,1
antonov,1
diamond aircraft industry inc,1
hughes william j,1
dgflugzeugbau,1
magnaghi aeronautica spa,1
aeronca/bubeck,1
globe swift,1
paradise usa llc,1
rgj aviation llc,1
thrush aircraft inc.,1
d-fly,1
pezetel,1
wsk-mielec,1
freeman heritage collection,1
shirley carl,1
grumman american aviation corp,1
sabrena,1
cavalier aircraft corp.,1
unknown,1
moyes b/bailey b,1
"air tractor, inc.",1
lammers sjef j,1
beechcraft corporation,1
meyers industries inc,1
softex invest llc,1
john d. williams,1
ams-flight d.o.o.,1
engineering and research,1
c a tecnam srl,1
lester robert e,1
excalibur aircraft,1
north american rockwell,1
ratheon aircraft company,1
bucker jungmeister,1
wilde daniel l,1
piaggio aero industries spa,1
arbc inc,1
belcher william b ii,1
north american/victoria mnt lt,1
david s meek,1
evektor aerotechnik as,1
md helicopter inc.,1
"sherman john, h",1
unregistered,1
fisher michael h,1
ayres corp,1
pzl warzawa-cnpsl,1
cgs aviation llc,1
piasecki/pike,1
tamarack helicopters inc,1
tomei,1
boeing company,1
eagle aircraft co,1
honda aircraft,1
titan aerospace holdings inc,1
canadian light acft sales &svc,1
schempp hirth flugzeugbau gmbh,1
aerotek inc,1
storch aviation australia pty,1
morrison,1
scaled composites,1
scandinavian aero industry,1
md helicopters inc.,1
carlo robert,1
glasair,1
dirks glaser,1
gt ultralights,1
bush caddy usa,1
flightstar sportplanes,1
bell-transworld helicopters,1
trella,1
wsl pzl,1
foxair llc,1
buhl,1
avions max holste,1
indus,1
tomlinson tracy l,1
aermacchi,1
"schweizer, n36289",1
head balloons inc.,1
six chuter inc,1
mcnulty john s,1
"bombardier aerospace, inc.",1
eads pzl warsza,1
zivko aeronautics inc.,1
north american rockwell corp.,1
x-air llc,1
bombardier learjet corp.,1
allied ag cat productions,1
avian balloon,1
six chuter west llc,1
costruzioni aeronautichetecnam,1
rotary air force marketing,1
north american-medore,1
gulfstream schweizer a/c corp,1
short brothers plc,1
auster,1
devoe,1
siler ronald e,1
world helicopters,1
aveko sro,1
tumbling goose llc,1
curtis-wright,1
christen,1
taylorcraft corp,1
"aerofab, inc.",1
heldeberg design,1
drake,1
sabreliner corp.,1
zs delta-bielsko wroclaw,1
iv inc.,1
davis,1
aircoupe,1
p z l -warszawa-cnpsl,1
dova aircraft,1
europro cz,1
longren,1
zenith aircraft co,1
indus aviation inc,1
southern powered parachutes,1
wsk-pzl mielec,1
gefa-flug gmbh,1
dean leslie n,1
"chevrier, armand",1
burkhart-grob,1
arctic aircraft co inc,1
moses tim c,1
new kolb aircraft co,1
quinn aviation inc.,1
b??lkow,1
shell john,1
lee kolb,1
lawson j/bowie r/smith m,1
"mooney airplane company, inc.",1
dart,1
fairchild-heliporter,1
raven industries inc,1
raytheon company,1
six-chuter,1
thunderbird aviation,1
dg-flugzeugbau gmbh,1
arctic aircraft company,1
scotts-bell 47 inc,1
bailey-moyes microlights,1
antonovich anton b,1
spartan,1
wsk-pzl warzawaokecie,1
phillips william l,1
reims,1
powrachute corp,1
seymour,1
kociemba robert h,1
westland helicopters,1
slip stream,1
franke roland,1
wsk-pzl meilec,1
