,Plane
0,eurocopter as 350 b2
0,eurocopter as 350 b3
0,let blanik l-13
0,czech aircraft works spol sro sportcruiser
0,aerospatiale as350
0,aerospatiale as350ba
0,evektor-aerotechnik as sportstar plus
0,american champion (acac) 8gcbc
0,vans aircraft inc rv-12
0,eurocopter as 350 ba
0,eurocopter as350b3
0,aerospatiale sa315b
0,aerospatiale as350b
0,remos acft gmbh flugzeugbau remos gx
0,gulfstream-schweizer a/c corp gulfstream am g-164b
0,mcdonnell douglas 369ff
0,american eurocopter corp as350b3
0,gates learjet corp. 35a
0,american aviation corp. (aac) aa-1a
0,columbia aircraft mfg lc41 550fg
0,aerospatiale as-350ba
0,ab sportine aviacija genesis 2
0,aerospatiale as 355f1
0,eurocopter france as-350-b2
0,eurocopter as-350-b2
0,tl ultralight sro stingsport
0,eurocopter as350ba
0,eurocopter as350-b2
0,eurocopter as350 b3
0,american champion (acac) 8kcab
0,jonker sailplanes (pty) ltd js1-c
0,liberty aerospace incorporated liberty xl-2
0,aerospatiale as350 b2 ecureuil
0,bellanca bl-17-30a
0,skykits corp savannah vgw
0,pipistrel doo ajdovscina virus sw
0,fantasy air sro allegro 2000
0,columbia aircraft mfg lc41
0,scottish aviation series 100 mdl 101
0,jabiru usa sport aircraft llc j230-sp
0,eurocopter as350b2
0,eurocopter as-350-b3
0,airborne windsports pty ltd edge xt 912 l
0,burkhart grob g102 club astir iiib
0,airborne windsports pty ltd edge xt-912-l
0,fpna llc a-22 valor
0,aero vodochody aero. works l-39c
0,airbus as 350 b3
0,american champion (acac) 7gcbc
0,eurocopter france as350b3
0,american champion (acac) 7gcaa
0,glasflugel standard libelle
0,blanik l-13
0,eurocopter deutschland gmbh mbb-bk 117 c-2
0,aerospatiale as350b2
0,eurocopter france as350 b2
0,burkhart grob flugzeugbau g102 club astir iiib
0,convair div. of gen. dynamics 440
0,pdps pzl-bielsko szd-55-1
0,columbia aircraft mfg lc42-550fg
0,skykits usa corp savannah adv
0,arrow falcon exporters inc oh-58a+
0,north wing uum inc sport x2-n
0,aerovodochody l-29 delfin
0,celier aviation xenon rst
0,eurocopter deutschland gmbh mbb bk 117 c-2
0,eurocopter as-350ba
0,aerospatiale sa319b
0,bellanca bl17-30
0,pdps pzl-bielsko szd-50-3
0,messerschmitt-bolkow-blohm bk 117 b-2
0,airborne windsports pty ltd xt-912-l
0,vans rv12
0,md helicopter inc 369ff
0,eurocopter france as350 b3
0,eiriavion oy pik 20d
0,schleicher alexander gmbh & co ash 26 e
0,let super blanik l-23
0,eurocopter as 350 b2 ecureuil
0,jabiru usa sport aircraft llc j250 sp
0,american champion (acac) 7eca
0,hawker sea fury tmk 20
0,american aviation corp. (aac) aa-1
0,buckeye breeze lx
0,aerospatiale as350-b2
0,liberty aerospace incorporated xl-2
0,agusta aerospace corp aw119 mkii
0,burkhart grob flugzeugbau g102 astir cs
0,evektor aerotechnik sportstar plus
0,columbia aircraft mfg lc41-550fg
0,aerospatiale as355f1
0,bell bht-206-b3
0,cameron balloons us v-90
0,s.n.i.a.s. as-350b ecureuil
0,convair div. of gen. dynamics 340
0,remos aircraft gmbh gemini remos
0,sikorsky s-55t
0,thrush aircraft inc s2rhg-t65
0,"jabiru usa sport aircraft, llc j250-sp"
0,columbia aircraft mfg. lc41-550fg
0,mccleery rans s6es
0,vans rv-12
0,rans rv 12
0,arbc inc dba lindstrand 180a
0,ferguson william c fx4-2
0,aero vodochody aero. works l-29 delfin
0,north wing uum inc sport x2
0,eclipse aviation hxb
0,smithwick/treidel tukan
0,evektor-aerotechnik sportstar plus
0,british aircraft corp. (bac) jet provost t mk.5a
0,pzl swidnik pw-5
0,aerospatiale sa341g
0,glasflugel libelle 201b
0,caproni vizzola cos. aero. calif a-21
0,flight design gmbh ctsw hxb
0,glasflugel h 301 b libelle
0,czech aircraft works spol sro sportscruiser
0,fogg quicksilver mx ii
0,microlites ptyltd dragonfly b
0,clem william b iii dominator gyrocopter
0,gulfstream am corp comm div 690
0,treidel mark/r f d dominator
0,air borne windsports pty. ltd. edge wing x
0,avian balloon magnum ix
0,twin commander acft. corp. 680fl
0,american aviation corp. (aac) grumman aa 1b
0,eurocopter deutschland gmbh ec135p1
0,"arrow falcon exporters, inc. oh-58a"
0,beechcraft a36 - undesignat
0,aerospatiale sa365n-1 d
0,american legend aircraft co. al-3
0,dta sari combo fc 912
0,maule mx7235
0,powrachute llc airwolf 912uls
0,schweizer 269c - undesignat
0,arrow falcon exporters inc. arrow f oh-58a
0,american eurocopter as350 b3
0,shirley carl sportcopter vortex
0,eads pzl warsza pzl-104m wilga
0,powerchute llc airwolf 912uls
0,skytrails lsa predator
0,eurocopter as-350b
0,sonex sonex trigear
0,let np kinovice z37a
0,eurocopter france as 350
0,grimes barry r chinook plus two
0,brandt leroy e challenger ii
0,universal moulded pdts. monocoach
0,walker zenith zodiac 601 xl
0,halsted flightstar pioneer
0,cessna 188 - undesignat
0,bellanca 1413
0,unknown free bird sportlite
0,american eurocopter as350ba
0,paradise usa llc paradise p-1 slsa lw
0,seattle aerotech helipower 2500
0,smith zodiac 601xl
0,williams yakovlev yak 3upw
0,cobb international rotorway exec 90
0,aerospatiale as350 b2
0,eurocopter as355n
0,eurocopter as350d
0,american champion (acac) 7kcab
0,airbus as350-b2
0,aerospatiale as-350-ba
0,eurocopter france as 350 ba
0,i.c.a. brasov is-28-b2
0,thomas lee nuiport
0,ca tecnam srl p2004 bravo
0,wingtip to wingtip llc panzl s-330
0,shempp-hirth discuss b
0,eurocopter as350b3 2b1
0,american eurocopter as350-ba
0,eurocopter france as-350-ba
0,tl ultralight sro tl-3000 sirius
0,edra aeronautica seastar
0,bradshaw quicksilver mx ii
0,aeronca/bubeck bubeck-aeronca
0,longren centaur l-13
0,xtremeair gmbh xp-30/2002339
0,piper pa20 - undesignat
0,eurocopter as 350b
0,hawker hawker hntr fmk 58
0,eurocopter france as350
0,lammers sjef j apache
0,american champion aircraft cor 7gcbc
0,pdps pzl-bielsko szd 55-1
0,schweizer jan-35
0,aerospatiale as 355f2
0,aerotek pitts spec
0,urban air sro ufm-13
0,pzl warzawa-okecie 104 wilga 80
0,air creation usa llc skypper
0,bayliss milton a iii x-air
0,fetterman lanny r firestar ii
0,gulfstream schweizer a/c corp gulfstream am g 164c
0,eurocopter as-350b2
0,eurocopter deutschland gmbh mbb-bk 117 c-1
0,quicksilver eipper acft inc gt 400
0,hiller-tri-plex ind.inc. uh-12b
0,american eurocopter as-350-b3
0,aerostar sa-60a
0,aero commander ac50
0,ultralite sro stingsport
0,"vans aircraft, inc. rv-6t"
0,aerospatiale as 355
0,letecky zavody l-23 super blanik
0,alexander schleicher gmbh & co asw 27-18e
0,aerospatiale as350-b3
0,pezetel szd 48-1jantar std 2
0,burkhart grob g-103a twi
0,s.n.i.a.s. as350b
0,lanshe aerospace lake 250
0,x-air llc xa85
0,dusenberry mark j 1905 wright flyer
0,moyes bailey microlite
0,valldejuli john a aerocomp
0,aerospatiale as-350b2
0,iniziative industriali italian sky aero 600 sport
0,liberty aerospace incorporated liberty xl
0,grumman g-111
0,javron pa-18 replica
0,eurocopter deutschland bo-105 cbs5
0,north wing uum inc. sport x2
0,fleetwood jack team airbike
0,quad city ultralight acft corp challenger i
0,cosentino garey a pegasus
0,rgj aviation llc johnson air cam
0,aeronca 7ac-conv
0,aerospatiale as350-b
0,british aircraft corp. (bac) 167 strikemastermk83
0,gadbois apex cross 5
0,eurocopter france as-350b2
0,pzl-swidnik pw 6u
0,aerosport ltd ikarus c42e
0,aerospatiale as350-d
0,eipper formance inc mxii
0,bush caddy usa lsa
0,pipistrel doo ajdovscina virus
0,ploof progressive aerodyne's searey
0,aero vodochody aero. works l-39ct
0,eurocopter as-350 ba
0,bailey robert moyes dragonfly
0,jihlavan airplanes sro kp5
0,infinity power parachutes ipp2
0,calstar 1 eurocopter bo-105s
0,oliver lawrence r kitfox iv 1200
0,schewizer 233
0,bedecorp llc bd-22
0,i.c.a.-brasov is-28b2
0,messerschmitt-boelkow-blohm bo-105s
0,urban air sro samba xxl
0,costruzioni aeronautiche tecna p92 tail dragger
0,thrush aircraft inc. s2rhg-t65
0,aeronca ar-15
0,evektor aerotechnic sportstar
0,aerovodochody l 29 delfin
0,caproni vizzola cos. aero. a-21
0,mchargue buckeye dream
0,central ohio dragonfly clubllc dragonfly-c
0,"ekornaas, fred skyranger ii kit"
0,tamarack helicopters inc uh-1h
0,aerospatiale as-350d
0,wsk pzl warzawa-okecie pzl-104 wilga 80
0,unregistered quicksilver mxl ii
0,zlin z143
0,arrow falcon exporters inc oh-58a
0,sportine aviacija lak17
0,antares - balaban ma33
0,aerostar international inc s-77a
0,kerns kenneth h kens wingless wonder
0,chech aircraft works spol sro ch 601 xl rtf
0,powrachute corp. pegasus 912m
0,quest aircraft company llc kodiac 100
0,eurocopter france as355 f1
0,arrow falcon exporters oh-58+
0,british aircraft corp bac 167 strikemaster
0,mcnulty john s aerolite 103
0,"schweizer, n36289 g-164b"
0,better burn llc/startube div exec 162f
0,brm aero sro bristell s-lsa
0,skybolt smith special skybol
0,boeing b747-433bcf
0,airbus as350 b3e
0,aerospatiale as350 ba
0,beechcraft 35 - undesignat
0,ab sportine aviacija lak 17
0,aveko sro vl-3c-1
0,jihlavan airplanes sro kp 5 asa
0,burkhart grob g102 std astir iii
0,let blanik
0,md helicopters inc. 369ff
0,wsk-pzl warzawa-okecie pzl-104 wilga 80
0,casa 1.131e
0,eurocopter france as350b2
0,jihlavan kp 5 asa
0,aerospatiale 350b
0,sud aviation sa 318c
0,air tractor 401-0860
0,charland vortex
0,scoda aeronautical super petrel
0,czech aircraft works ch 601 xl rtf
0,"van's aircraft, inc. rv-12"
0,hillard charlie r hawker fb60
0,aerospatiale as350d
0,eurocopter france as 350 b2
0,balony kubicek spol sro bb70z
0,eurocopter sa315b
0,wsk-pzl warzawa-okecie pzl 104 wilga 80
0,aerospatiale sa-315
0,fly hard trike inc skycycle sting ray
0,shaffer william c quicksilver mx ii sp
0,i.c.a.-brasov (romania) is 29d
0,costruzioni aeronautiche tecna astore
0,barche destiny xlt
0,malechek q-200
0,maule mx-7-2325
0,a. schleicher gmbh & co. asw 27-18
0,sportflight international llc astra hks
0,sc iar sa brasov iar 825
0,pdps pzl-bielsko szd-59
0,bucker jungmeister bu 133
0,wsk pzl swidnik pw-5
0,tetrault ronad team mini max 1500r
0,aerospatiale as-350-d
0,alexander schleicher gmbh & co ash 31 mi
0,aerofab inc. lake seawolf
0,"wingtip to wingtip, llc panzl s-330"
0,wsl pzl mielec
0,north wing uum inc sport x2 912
0,alexander schleicher gmbh & co asw 27-18
0,moravan zlin 526f
0,hamilton rotorway exec 90
0,siler ronald e ultrastar
0,eurocopter as350-b3
0,tomlinson tracy l tukan
0,b??lkow bo 105 ls
0,zenith zenith 601xlb
0,wsk-pzl meilec pzl m18b
0,eurocopter as-350-ba
0,aerospatiale sa319b alouette iii
0,pzl warzawa-cnpsl pzl-104 wilga 35a
0,bucker jungmann casa 1.31
0,kelm david kitfox 7
0,iar brasov is-28b2
0,aerospatiale as350 b2 e
0,magnaghi aeronautica spa sky arrow lsa
0,cameron balloons z-150
0,eurocopter as350 b-2
0,bell-transworld helicopter cor 47g-2
0,kociemba robert h t-bird ii
0,interplane xj
0,jabiru usa sport aircraft llc j170-sp
0,british aircraft corp. bac stkmstr mk80
0,bellanca bl-17-30
0,doktor fiberglas h101 salto
0,carlo robert quicksilver spt 2s
0,flightworks corp capella xs fw2c80td
0,czech aircraft works spol sro mermaid
0,cameron balloons z-77
0,rolladen schneider ohg ls-3-17
0,cameron z77
0,durfee fred quicksilver mxl
0,drake kitfox speedster
0,eurocopter deutschland gmbh mbb bk-117 a4
0,hiller sixchuter legend xl
0,airgyro aviation llc tercel
0,airbus as 350 ba fx1
0,ultramagic n250 - no series
0,c a tecnam srl p2002 sier
0,glasair aviation usa llc sportsman gs-2
0,aerospatiale sa315
0,higgins john h/williams john d questair venture
0,eurocopter as 350b3
0,aero vodochody aero works l39c
0,eurocopter france as350b1
0,american eurocopter corp as350b2
0,convair div. of gen. dynamics 340-580stc
0,eurocopter france as 350 b3
0,tl ultralight sro sting s3
0,bucker jungmann c.a.s.a. 1.131
0,loehle aircraft corp loehle p-40
0,i.c.a.-brasov is-26b2
0,gulfstream am corp comm div 695a
0,powerchute airwolf 912uls
0,siemer james h earthstar
0,eurocopter as 350b2
0,eurocopter as350ba (fx2)
0,fk lightplanes fk9 ela sw
0,aerospatiale as355f2
0,"wrb associates, llc. zodiac 601 xl"
0,alexander schleicher gmbh & co k 7
0,quicksilver mfg mxl ii sport
0,luy wayman lockwood aircam
0,eurocopter france as355n
0,cobalt aircraft industries inc co50 valkyrie
0,eurocopter france as350ba
0,eurocopter as350 b2
0,opus motorsports llc bd02
0,fantasy air sro allegro 20
0,aerospatiale as315b
0,vans rv4
0,gulfstream-schweizer a/c corp gulfstream am g 164b
0,bell-tellijohn 47g
0,trella t-21
0,wilde daniel l zenith 701
0,glasflugel h301
0,zs delta-bielsko wroclaw szd 36 a cobra 15
0,eurocopter deutschland gmbh ec135 p1
0,ab sportine aviacija lak-17a
0,wsk-pzl warzawaokecie pzl-104 wilga 80
0,czech sportplanes sro dynamic wt9
0,columbia aircraft mfg lc42 550fg
0,aerospatiale as-350-b3
0,interplane llc skyboy-2
0,mischanko buckeye breeze
0,airframes unlimited outlaw
0,biuro projektowe b bogumil ber szd-56-2
0,messerschmitt-bolkow-blohm bk 117
0,let l13 ac blanik
0,czech sportplanes sro dynamic
0,thrush aircraft inc s2rhg t65
0,raven s60a
0,piper pa-32-301xtc
0,bardouche quad city ultralight
0,md helicopter 369ff
0,schempp-hirth flugzeugbau gmbh ventus 3f
